"SOURSE","Context","Translation"
"This is Round Three, THE LAST LASH. Everyone gets the SAME one, single \nprompt this time.","Объявление третьего (финального) раунда","Це третій раунд, ФІНАЛЬНИЙ. Цього разу усі отримують ОДНАКОВЕ \nзавдання."
"And now Round Three, THE LAST LASH! This time, you’ll all be answering the \nSAME prompt.","Объявление третьего (финального) раунда","Ось і третій раунд, ФІНАЛЬНИЙ! Цього разу ви всі будете відповідати на \nОДНЕ завдання."
"Welcome to THE LAST LASH. The Final Round! There’s just one prompt, and \nyou’re all getting it.","Объявление третьего (финального) раунда","Вітаю вас в останньому раунді. ФІНАЛЬНОМУ! Буде тільки одне завдання, яке \nви всі отримаєте."
"This is Round Three, THE LAST LASH. One final chance to catch up, and \neveryone gets the SAME prompt this time.","Объявление третьего (финального) раунда","Третій раунд, ФІНАЛЬНИЙ. Останній шанс обігнати інших, та \nвсі, на цей раз, отримують ОДНАКОВЕ завдання."
"Round Three, THE LAST LASH. Everybody\'s getting the SAME prompt, so don\'t \nhold back!","Объявление третьего (финального) раунда","Третій раунд, ФІНАЛЬНИЙ. У всіх буде ТЕ Ж САМЕ завдання, тому не \nстримуйтесь!"
"That\'s right, it\'s Round Three, THE LAST LASH. Look alive, because you\'re \nall getting the SAME prompt this time.","Объявление третьего (финального) раунда","Так, це третій раунд. ФІНАЛЬНИЙ. Прокиньтеся, бо цього разу вас чекає \nОДНЕ завдання на всіх."
"It\'s Round Three, THE LAST LASH. I\'ve got one prompt left and you\'re all \ngetting it.","Объявление третьего (финального) раунда","Це третій раунд, ФІНАЛЬНИЙ. В мене залишилося одне завдання, тому воно \nдістанеться всім."
"Round Three has arrived. THE LAST LASH. You\'re all going to answer the SAME \nprompt, so pull out all the stops.","Объявление третьего (финального) раунда","Третій раунд вже на підході. ФІНАЛЬНИЙ РАУНД. Ви будете відповідати на ОДНЕ \nпитання, так що розслабтеся."
"This is Round Three, THE LAST LASH. Everyone\'s taking aim at the SAME \nprompt this time.","Объявление третьего (финального) раунда","Це третій раунд. ФІНАЛЬНИЙ. Кожен виконує ОДНАКОВЕ \nзавдання цього разу."
"We\'ve made it to Round Three, THE LAST LASH. Focus up, because you\'re all \nanswering the SAME prompt.","Объявление третьего (финального) раунда","Ми дійшли до третього ФІНАЛЬНОГО раунду: зосередьтеся, бо ви будете \nвідповідати на ОДНАКОВЕ питання."
"","",""
"Here\'s your Word-Lash task!","Появление задания для Word-Lash (словестный раунд) (вид последнего раунда)","Ось і словесне завдання!"
"Follow these Word-Lash instructions!","Появление задания для Word-Lash (словестный раунд) (вид последнего раунда)","Дотримуйтесь інструкцій цього словесного раунду!"
"Complete this Word-Lash task!","Появление задания для Word-Lash (словестный раунд) (вид последнего раунда)","Виконайте це словесне завдання!"
"Write a quip using these Word-Lash rules!","Появление задания для Word-Lash (словестный раунд) (вид последнего раунда)","Напишіть жарт за правилами цього раунду!"
"Come up with an answer for this Word-Lash task!","Появление задания для Word-Lash (словестный раунд) (вид последнего раунда)","Вигадайте відповідь на це завдання!"
"","",""
"Complete the comic!","Появление задания для Comic-Lash (комиксный раунд) (вид последнего раунда)","Доробіть комікс!"
"Finish the comic!","Появление задания для Comic-Lash (комиксный раунд) (вид последнего раунда)","Завершіть комікс!"
"Fill in this comic!","Появление задания для Comic-Lash (комиксный раунд) (вид последнего раунда)","Заповніть комікс!"
"Finish writing this comic!","Появление задания для Comic-Lash (комиксный раунд) (вид последнего раунда)","Допишіть цей комікс!"
"Complete this comic!","Появление задания для Comic-Lash (комиксный раунд) (вид последнего раунда)","Доробіть цей комікс!"
"","",""
"That’s the end of Round Two. Let’s take a look at the scores!","Переход к таблице результатов после второго раунда","Це кінець другого раунду. Погляньмо на результати!"
"Round Two is no more. Let’s see the damage!","Переход к таблице результатов после второго раунда","Другого раунду більше нема. Подивимося на результати!"
"And that’s all for Round Two! Fire up the scoreboard!","Переход к таблице результатов после второго раунда","І це все, що було у другому раунді! Покажіть табло!"
"We’ve reached the end of Round Two. Let’s see what happened!","Переход к таблице результатов после второго раунда","Ми дійшли до кінця другого раунду. Глянемо, що сталося!"
"Round Two is now complete. Let\'s see where we landed!","Переход к таблице результатов после второго раунда","Другий раунд завершено. Погляньмо, де ми опинилися!"
"That\'s it for Round Two. Let\'s see those scores!","Переход к таблице результатов после второго раунда","Другий раунд закінчено. Час дивитися результати!"
"Round Two\'s done, let\'s see who\'s winning now!","Переход к таблице результатов после второго раунда","Кінець другого раунду. Погляньмо, хто зараз перемагає!"
"That\'s all for Round Two. Light up that scoreboard!","Переход к таблице результатов после второго раунда","На цьому закінчуємо другий раунд. Покажіть рахунок!"
"Round Two is through. Let\'s see what it did to the scores!","Переход к таблице результатов после второго раунда","Другий раунд завершено. Дивіться, що тут зробили з балами!"
"Round Two is over! Let\'s see who came out on top!","Переход к таблице результатов после второго раунда","Кінець другого раунду! Нумо погляньмо, хто ж на першому місці!"
"You survived Round Two! Let\'s see if your scores did!","Переход к таблице результатов после второго раунда","Ви пережили другий раунд! Подивимося, які результати!"
"That\'s all she wrote for Round Two. Let\'s check the scores!","Переход к таблице результатов после второго раунда","Це все, що було в другому раунді. А тепер... результати!"
"That\'s all for Round Two. Let\'s see where the points went!","Переход к таблице результатов после второго раунда","Це все для другого раунду. Подивіться, що стало з рахунком!"
"Round Two\'s at an end. Let\'s sneak a peak at the scoreboard!","Переход к таблице результатов после второго раунда","Кінець другого раунду. Зазирнемо на табло!"
"","",""
"Show me the Silver...","Показывает серебряные медали разданные игроками","Покажіть мені Срібло..."
"Bring out the Silver...","Показывает серебряные медали разданные игроками","Виносьте Срібло..."
"Here\'s the Silver...","Показывает серебряные медали разданные игроками","Ось Срібло..."
"Silver...","Показывает серебряные медали разданные игроками","Срібло..."
"","",""
"Time to vote!","Переход к фазе голосования за ответы","Час голосувати!"
"It’s voting time!","Переход к фазе голосования за ответы","Час голосування!"
"Vote on your devices!","Переход к фазе голосования за ответы","Голосуйте на ваших пристроях!"
"Vote away!","Переход к фазе голосования за ответы","Голосуйте!"
"Get to voting!","Переход к фазе голосования за ответы","Голосуймо!"
"Okay, vote!","Переход к фазе голосования за ответы","Гаразд, голосуємо!"
"Vote now!","Переход к фазе голосования за ответы","Голосуємо зараз!"
"Put in your votes!","Переход к фазе голосования за ответы","Віддайте свої голоси!"
"Ready set vote!","Переход к фазе голосования за ответы","На старт, увага, голосуйте!"
"Aaaaand vote!","Переход к фазе голосования за ответы","Іііііііііііі... голосуємо!"
"","",""
"It’s time for Round Two, where all point values are DOUBLED! That’s right, \ndoubled!","Объявление второго раунда","Саме для другого раунду, де всі бали ПОДВОЮЮТЬСЯ! Все вірно, \nподвоюються!"
"It’s now time for Round Two. Everything is worth DOUBLE! Twice as much!","Объявление второго раунда","Час другого раунду. Вартість кожної відповіді ПОДВОЮЄТЬСЯ! Удвічі більше!"
"Now Round Two, where all points and bonuses are DOUBLED. Oh, the drama!","Объявление второго раунда","Другий раунд, в якому всі бали та бонуси ПОДВОЮЮТЬСЯ. Пристрасті розпалюються!"
"Round Two is straight ahead, and that means all points are DOUBLED!","Объявление второго раунда","Другий раунд не за горами, а це означає, що всі бали ПОДВОЮЮТЬСЯ!"
"Time for Round Two, where everything is worth TWO TIMES as much as that \nsilly Round One!","Объявление второго раунда","Час для другого раунду, де все У ДВА РАЗИ більше, ніж в цьому \nдурному першому!"
"Round Two time, and to make it interesting, I’m DOUBLING all the point \nvalues. You heard me!","Объявление второго раунда","В Другому раунді, щоб було більш цікаво, я ПОДВОЮ усі значення \nбалів. Ви почули мене!"
"Round Two is upon us, and all points are DOUBLED! Take that, Round One!","Объявление второго раунда","Другий раунд перед нами, тому всі бали ПОДВОЮЮТЬСЯ! Ось тобі, перший раунд!"
"Now for Round Two! DOUBLE the points and bonuses, double the excitement!","Объявление второго раунда","А тепер другий раунд! ПОДВОЄННЯ балів та бонусів, а отже, подвоєння азарту!"
"Onward to Round Two! Remember, all points and bonuses are DOUBLED!","Объявление второго раунда","Вперед до другого раунду! Пам'ятаємо, всі бали ПОДВОЮЮТЬСЯ!"
"Round Two time, and look sharp because I\'m DOUBLING all the point values!","Объявление второго раунда","Під час другого раунду дивіться пильно, бо я ПОДВОЮЮ усі бали!"
"Here comes Round Two! Hey if you liked Round One, but thought all the \npoints should be DOUBLED, have I got the round for you!","Объявление второго раунда","Ось і другий раунд! Якщо вам сподобався перший раунд, але з'явилась думка, що краще \nбали були б ПОДВОЄНІ, то я піду вам назустріч!"
"Round Two is here, so let\'s DOUBLE the points and bonuses, shall we?","Объявление второго раунда","Другий раунд вже тут, тож ПОДВОЇМО бали та бонуси, чи не так?"
"It\'s Round Two time, and everything\'s worth DOUBLE! Don\'t let those points \ngo to waste!","Объявление второго раунда","Це другий раунд, в якому все дорожче У ДВА РАЗИ! Не дозволяйте цим балам \nпіти на смітник!"
"Round Two is pulling into the station with DOUBLE the points and bonuses!","Объявление второго раунда","Другий раунд прибуде з ПОДВОЄННИМИ балами та бонусами!"
"On to Round Two, where all points are DOUBLED. Doubled, I say!","Объявление второго раунда","Другий раунд, в якому всі бали ПОДВОЮЮТЬСЯ. Повторюю, Подвоюються!"
"","",""
"Now let\'s turn those medals into points...","Перевод медалей в очки","Зараз я перетворю всі медалі на бали..."
"Let\'s translate that into points...","Перевод медалей в очки","Нумо перетворимо це на бали..."
"Let\'s melt those medals down for points...","Перевод медалей в очки","Обміняємо всі медалі на бали..."
"All right, let\'s turn that into cold hard points...","Перевод медалей в очки","Добре, перетворімо це на тверді бали..."
"Okay, let\'s change those medals into points...","Перевод медалей в очки","Чудово, замінімо ці медалі на бали..."
"Let\'s sell off those medals for points...","Перевод медалей в очки","Продамо усі медалі за бали..."
"Now we transform those medals into points...","Перевод медалей в очки","Зараз ми трансформуємо всі медалі на бали..."
"Great, let me just turn those medals into points for ya...","Перевод медалей в очки","Чудово, дозвольте мені перетворити медалі на бали для вас..."
"Medals are nice, but points are even nicer, so...","Перевод медалей в очки","Медалі прекрасні, але бали завжди краще, тож..."
"Let\'s see what the medals to points exchange rate is these days...","Перевод медалей в очки","Дивіться, який валютний курс медалей на бали в ці дні..."
"","",""
"Okay everyone, vote for your favorite!","Переход к голосованию за ответы","Добре, усі голосуйте за своє улюблене!"
"Okay, voting time! Pick your favorite!","Переход к голосованию за ответы","Гаразд, час діяти! Оберіть улюблений варіант!"
"Okay, vote for your favorite!","Переход к голосованию за ответы","Файно, тепер голосуймо за улюблене!"
"Okay, everybody pick your favorite!","Переход к голосованию за ответы","Добре, усі обираємо варіант, що сподобався!"
"Okay, use your device to pick your favorite!","Переход к голосованию за ответы","Так, візьміть пристрої для вибору вподобань!"
"Okay, choose your favorite!","Переход к голосованию за ответы","Добре, обирайте варіант!"
"Okay, pick your favorite and vote!","Переход к голосованию за ответы","Так, оберіть улюблений варіант та голосуйте!"
"Okay, select your favorite quip!","Переход к голосованию за ответы","А тепер обирайте найкращі жарти!"
"Okay, pick your favorite quip now!","Переход к голосованию за ответы","Гаразд, обирайте вподобаний жарт!"
"Okay, pick your favorite!","Переход к голосованию за ответы","Гаразд, оберіть улюблений варіант!"
"","",""
"Hurry up! Use a Safety Quip if you can’t think of anything!","Торопит отстающих игроков, потому что время выходит","Покваптесь! Скористайтесь рятувалкою, якщо немає ідей!"
"Hurry! Hit the Safety Quip button if you can’t think of something!","Торопит отстающих игроков, потому что время выходит","Швидше! Натисніть кнопку-рятувалку, якщо не можете щось вигадати!"
"Time\'s running out! Use a Safety Quip if you need it!","Торопит отстающих игроков, потому что время выходит","Час спливає! Скористуйтеся рятувалкою, якщо потрібно!"
"Almost out of time! Use the Safety Quip button if you have to!","Торопит отстающих игроков, потому что время выходит","Час майже вийшов! Скористайся кнопкою-рятувалкою, якщо треба!"
"Clock\'s running out! Think fast or use a Safety Quip!","Торопит отстающих игроков, потому что время выходит","Час минає! Швидше думайте або беріть рятувалку!"
"","",""
"And the Gold!","Показывает золотые медали","Та Золото!"
"And finally Gold!","Показывает золотые медали","І нарешті Золото!"
"And now the Gold!","Показывает золотые медали","А тепер Золото!"
"And Gold!","Показывает золотые медали","І Золото!"
"","",""
"The prompt is...","Показывает задание последнего раунда на экране","І завдання..."
"Your prompt is...","Показывает задание последнего раунда на экране","Ваше завдання..."
"Our prompt is...","Показывает задание последнего раунда на экране","Завданням буде..."
"The Last Lash prompt is...","Показывает задание последнего раунда на экране","Завданням фіналу буде..."
"Your Last Lash prompt is...","Показывает задание последнего раунда на экране","Ваше фінальне завдання..."
"Our Last Lash prompt is...","Показывает задание последнего раунда на экране","Завдання фіналу..."
"","",""
"Finish the prompt for this quip...","Появление вопроса для Word-Lash ","Закінчуємо виконувати завдання..."
"","",""
"That’s the end of Round One. Let’s take a look at the scores!","Переход к таблице результатов после первого раунда","Це був кінець першого раунду. Подивімося рейтинг найкращих!"
"That’s all for Round One. Here’s the scoreboard!","Переход к таблице результатов после первого раунда","Кінець першого раунду. Ось і рахунок!"
"Round One is in the books. Let’s see the scores!","Переход к таблице результатов после первого раунда","Перший раунд залишиться в історії. Що там з результатами?"
"That’s Round One. Let’s take a look at the scores!","Переход к таблице результатов после первого раунда","Перший раунд закінчено. Гляньмо на рахунок!"
"Round One\'s over. Let\'s check the scoreboard!","Переход к таблице результатов после первого раунда","Перший раунд закінчено. Погляньмо на бали!"
"That\'s Round One, let\'s see how the scores shook out!","Переход к таблице результатов после первого раунда","Ось такий перший раунд. Дивіться, які бали утворилися!"
"Round One\'s done. Let\'s see who\'s in the lead!","Переход к таблице результатов после первого раунда","Кінець першого раунду. О, у нас тут новий лідер!"
"That\'s it for Round One, let\'s bring up the scoreboard!","Переход к таблице результатов после первого раунда","Кінець другого раунду, тож погляньмо на результати!"
"Round One is behind us. Let\'s see how you scored!","Переход к таблице результатов после первого раунда","Перший раунд вже позаду. Подивимося, як ви впорались!"
"That\'s it, let\'s see the scores for Round One!","Переход к таблице результатов после первого раунда","Час подивитися на результати першого раунду!"
"","",""
"You get points based on the percentage of people who like your answer, and \na bonus if you get more votes than your opponent. Go!","Объяснение правил первого раунда (как распределяются очки)","Ви отримуєте бали за відсоток людей, яким сподобався ваш жарт, \nта бонуси, якщо отримаєте більше голосів, ніж опонент. Поїхали!"
"You score based on the percentage of players who like your answer, plus \nthere are winners bonuses at stake. Go!","Объяснение правил первого раунда (как распределяются очки)","Ваші бали рахуються за відсотком гравців, кому сподобалась ваша відповідь, а також бонуси переможцям. Уперед!"
"You’ll score points based on the percentage of people who prefer your \nanswer. Have at it!","Объяснение правил первого раунда (как распределяются очки)","Ви отримуєте бали на основі відсотку людей, яких задовольнила ваша \nвідповідь. Майте на увазі!"
"The more folks who choose your answer, the more points you get. Go!","Объяснение правил первого раунда (как распределяются очки)","Чим більше людей обирають вашу відповідь, тим більше балів буде. Рушаймо!"
"The more people who vote for your answer, the better your score. Let\'s go!","Объяснение правил первого раунда (как распределяются очки)","Чим більше голосів буде за вашу відповідь, тим краще буде результат. Починаємо!"
"","",""
"First the Bronze...","Показывает бронзовые медали","Спершу Бронза..."
"Bronze first...","Показывает бронзовые медали","Спочатку бронза..."
"Bronze...","Показывает бронзовые медали","Бронза..."
"","",""
"Here’s what everybody wrote!","Показывает ответы игроков в последнем раунде","Ось що тут всі понаписували!"
"All right, we’re ready!","Показывает ответы игроков в последнем раунде","Добре, ми готові!"
"Let’s see the responses!","Показывает ответы игроков в последнем раунде","Нумо погляньмо на відповіді!"
"Okay, soak it in...","Показывает ответы игроков в последнем раунде","Гаразд, готуємося до жартів..."
"And here’s what you did...","Показывает ответы игроков в последнем раунде","І ось те, що ви зробили..."
"Time to take a look...","Показывает ответы игроков в последнем раунде","Пропоную подивитися на це..."
"Everybody’s in!","Показывает ответы игроков в последнем раунде","Усі тут!"
"All right, here’s the board!","Показывает ответы игроков в последнем раунде","Отже, увага на екран!"
"We’re ready to look!","Показывает ответы игроков в последнем раунде","Ми готові до перегляду!"
"Moment of truth...","Показывает ответы игроков в последнем раунде","Момент істини..."
"Let\'s see what you\'ve wrought!","Показывает ответы игроков в последнем раунде","Погляньмо, що ви там наробили!"
"Okay, here we go!","Показывает ответы игроков в последнем раунде","Чудово, ми готові!"
"All right, brace yourselves...","Показывает ответы игроков в последнем раунде","Гаразд, готуйтеся..."
"Let\'s see those quips!","Показывает ответы игроков в последнем раунде","Нумо поглянемо на жарти!"
"Okay, let\'s go to the board!","Показывает ответы игроков в последнем раунде","Тож перейдемо до відповідей!"
"","",""
"Thanks for joining the party. I may have to send one of you out for ice \nlater.","Начало игры (приглашает игроков сыграть)","Дякую, що завітали. Мабуть, я \nпізніше когось з вас відправлю за льодом."
"Everybody comfy? Great.","Начало игры (приглашает игроков сыграть)","Усім комфортно? Чудово."
"I don’t want to make this weird, but one of you is my secret crush. I know, \ntry not to freak out.","Начало игры (приглашает игроков сыграть)","Не хочу здатися дивним, але в декого з вас я таємно закоханий. Я знаю, \n спробуйте не злякатися."
"I hope you’re ready because there is literally nothing riding on this.","Начало игры (приглашает игроков сыграть)","Я сподіваюся, що ви готові, бо нас тут нічого не тримає."
"Is that everyone? Huh… No, it’s fine, you guys’ll do.","Начало игры (приглашает игроков сыграть)","І це все? Оу... Ні, все нормально, ви впораєтесь."
"Good lookin’ group. Judging by your names anyway.","Начало игры (приглашает игроков сыграть)","Цікава команда... Хіба що, якщо судити за іменами."
"I want all of you to loosen up and just have fun out there. But be funny.","Начало игры (приглашает игроков сыграть)","Я хочу, щоб ви відпочили та розважилися вдосталь. Але будьте смішними."
"Why that’s enough for a decent rodeo.","Начало игры (приглашает игроков сыграть)","Цього достатньо для гарного родео."
"Just an FYI, I’m claiming all of you as dependents on my taxes.","Начало игры (приглашает игроков сыграть)","Візьміть до уваги: я кажу, що всі ви залежні від моїх податків."
"Hey what are you guys doing after this? You have my number right? Great.","Начало игры (приглашает игроков сыграть)","Агов, чим ви займетесь після гри? У вас є мій номер, чи не так? Чудово."
"I’m sensing a lot of repressed anger in this group. Mostly from me. So \neverybody BACK OFF and let’s start the game.","Начало игры (приглашает игроков сыграть)","Я відчуваю багато пригніченої агресії у цій групі. В основному від мене. Тож \nвсім відставити та ходімо грати."
"Just checking, none of you have a heart condition, right? Eh, you’ll be \nfine.","Начало игры (приглашает игроков сыграть)","Просто цікаво, ніхто з вас не має проблем із серцем, правда ж? Ех, тоді все буде \nдобре."
"Everybody strapped in? Good deal, let’s do it.","Начало игры (приглашает игроков сыграть)","Усі пристебнуті? Файно, тоді рушаймо."
"So those are the names you’re going with, huh? Okay, if you’re sure.","Начало игры (приглашает игроков сыграть)","Тож ви збираєтесь йти з цими іменами? Нехай, якщо ви такі самовпевнені."
"I’ve already come up with a mnemonic to remember all your names, and it is \nfilthy. Let’s get started.","Начало игры (приглашает игроков сыграть)","Я вже вигадав як запам'ятати ваші імена, і це \nбридко. Розпочинаймо."
"I think I can guess who the Chandler of this group is. Let’s get going.","Начало игры (приглашает игроков сыграть)","Думаю, я здогадуюся, хто з вас з довгим язиком. Починаймо."
"Everybody remember their safe word? Cool.","Начало игры (приглашает игроков сыграть)","Усі пам'ятають наше стоп-слово? Чудово."
"Guys, don’t feel like you have to be extra funny to impress me. My \nexpectations are already very low.","Начало игры (приглашает игроков сыграть)","Хей, не думайте, що ви повинні бути дуже веселими, щоб вразити мене. Мої \nочікування і так були низькими."
"I want each of you to give 110%. I got a lot of money on this.","Начало игры (приглашает игроков сыграть)","Я хочу, щоб кожен з вас виклався на 110%. Я отримав купу грошей за це."
"Okay, I hope you’ve all done your stretching because we’re jumping right in.","Начало игры (приглашает игроков сыграть)","Добре, я сподіваюсь, що ви розігрілися, тому що ми починаємо прямо зараз."
"Glad to see you’re all here. Let’s not waste any time.","Начало игры (приглашает игроков сыграть)","Радий бачити вас усіх тут. Годі витрачати час."
"Before we start, let’s just take a second to enjoy the warmth of each \nother’s company…okay that’s enough.","Начало игры (приглашает игроков сыграть)","Перед початком давайте лише на секунду насолодимося теплотою один \nодного... добре, цього достатньо."
"A mysterious old woman told me I’d meet a group of strangers who would \nchange my life. So keep an eye out for those guys. In the meantime, why \ndon\'t we play.","Начало игры (приглашает игроков сыграть)","Таємнича стара жінка казала, що я зустріну групу незнайомців, які \nзмінять моє життя. Тож уважно стежте за ними, гаразд? До речі, чому б \nне зіграти?"
"I\'m just going to assume you’re all wearing your quipping pants. Okay, \nlet’s play.","Начало игры (приглашает игроков сыграть)","Я просто хочу перевірити, що ви всі вдягли штани для жартів. Добре, \nнумо грати!"
"Oh, this is gonna be one for the books. I can feel it.","Начало игры (приглашает игроков сыграть)","О, це точно підійде для моєї книги. Я відчуваю це."
"Just a friendly reminder: any player caught using quip-enhancing drugs will \nreceive an asterisk next to their record.","Начало игры (приглашает игроков сыграть)","Просто дружнє нагадування: якщо когось зловлю за використанням веселющого газу, \nвпишу це до вашої особистої справи."
"I see you all remembered your names. The rest of the game oughta be easy.","Начало игры (приглашает игроков сыграть)","Я бачу, ви змогли згадати свої імена. Отже, гра буде легкою."
"Good group. Good group. I just hope we’re all friends after this.","Начало игры (приглашает игроков сыграть)","Гарна група. Прегарна. Сподіваюсь, що ми подружимося після гри."
"Great names. What is that Dutch? Super. Let’s do this.","Начало игры (приглашает игроков сыграть)","Чудові імена. Це щось на татарському? Круто. Почнемо."
"The great thing about a fresh game is that right now you’re all tied for \nfirst place. And last.","Начало игры (приглашает игроков сыграть)","Найчудовіша річ в новій грі - це те, що кожен з вас посів \nперше місце. І останнє."
"Looks like the gang’s all here. Guess I’ll press this big red GO button.","Начало игры (приглашает игроков сыграть)","Схоже на те, що вся банда в зборі. Думаю, я натисну на велику червону кнопку ПОЧАТИ."
"Okay, let’s move this along. I’m sure I’m missing something very exciting \non Snapchat.","Начало игры (приглашает игроков сыграть)","Гаразд, нумо рухатись далі. Хоча я напевно пропустив щось цікаве у Твіттері."
"You know it’s not too often I see a group like this. Thankfully.","Начало игры (приглашает игроков сыграть)","Ви знаєте, не так часто я бачу такі групи, як ця. На щастя."
"Guys, I don’t want to jinx it, but I feel like we’re really gonna change \nsome lives here today.","Начало игры (приглашает игроков сыграть)","Друзі, не хочу накаркати, але відчуваю, що сьогодні ми змінимо декілька життів."
"I hope you’re all using your full legal names because this game will affect \nyour credit rating.","Начало игры (приглашает игроков сыграть)","Я сподіваюсь, що ви написали повні справжні імена, бо ця гра вплине на \nвашу кредитну історію."
"Hey, good looking room. The people in it could use a little work, but the \nroom is gorgeous.","Начало игры (приглашает игроков сыграть)","Яка гарна кімната. Було б звісно краще, якби ви зробили ремонт, але кімната все одно чудова."
"Very nice names. When my capybara finally gives birth, I’m gonna naming the \npups after you guys.","Начало игры (приглашает игроков сыграть)","Дуже гарні імена. Коли в моєї водосвинки з'явиться дитинча, я назву \nїї на вашу честь."
"Okay, fair warning, I reserve the right to repurpose your quips for my \nimprov set later on tonight.","Начало игры (приглашает игроков сыграть)","Так, попереджаю, я залишаю за собою право брати ваші жарти для свого вечірнього стендапу."
"I can tell I’m about to learn a lot about each of you. And I’m at peace \nwith that.","Начало игры (приглашает игроков сыграть)","Можу сказати, що я тут дізнався про вас геть усе. І я цілком спокійний за це."
"I don’t suppose one of you has a spare graphing calculator, do you? No? Oh \nwell. I’ll score the game by hand, I guess.","Начало игры (приглашает игроков сыграть)","Здається, що у вас немає зайвого калькулятора. Правда ж? А, нехай. \nБуду рахувати на пальцях."
"Take a good look at your fellow players. These are your enemies. Crush them.","Начало игры (приглашает игроков сыграть)","Придивіться до інших гравців. Це тепер ваші вороги. Розчавіть їх!"
"You know, I’m feeling really close to you guys. We oughta make a pact to \nmeet back here in ten years and talk about life.","Начало игры (приглашает игроков сыграть)","Ви знаєте, я відчуваю, як посилився наш зв'язок. Нам би повернутися сюди через десять років та поговорити про життя."
"Hey, it\'s all my favorite people! Oh, I would do anything for you guys. \nEven help you hide a body! Haha! I mean, cause you’d do that for me, right? \nI’m in a little bit of trouble. You know what, nevermind. Let’s get started.","Начало игры (приглашает игроков сыграть)","Привіт, мої улюблені люди! Я б зробив усе для вас. Наприклад, допоміг сховати тіло! Ха-ха! Тобто, ви теж зробили б це для мене, чи не так? Я трохи в халепі. Хоча, це неважливо. Стартуймо."
"I want you all on your best behavior. Do not make me turn this game around.","Начало игры (приглашает игроков сыграть)","Я хочу побачити вашу гарну поведінку. Не примушуйте мене вимикати гру."
"Only one of you can win the game, but all of you have my respect. Most of \nyou have my respect.","Начало игры (приглашает игроков сыграть)","Тільки один з вас може виграти гру, але я поважаю кожного з вас. Більшість з вас."
"I want you to know that I may not agree with all of your quips, but I will \nfight to the death for your right to quip them. Or at least sign an online \npetition.","Начало игры (приглашает игроков сыграть)","Щоб ви знали, я не завжди згодний з вашими жартами, але буду \nборотися до смерті за ваше право так жартувати. Або підпишу \nпетицію онлайн."
"Well, well, well. Everyone’s on time for once. I think we all know who I \nmean. Let’s begin.","Начало игры (приглашает игроков сыграть)","Так, так, так... Цього разу кожен прийшов вчасно. Думаю, ви зрозуміли, кого \n я маю на увазі. Почнімо."
"First thing, I just want to clear up a few rumors. Very few players have \ndied on my watch. And the ones that have deserved it.","Начало игры (приглашает игроков сыграть)","По-перше, хочеться пояснити за деякі чутки. Дуже мало гравців \nпомирають на моїх очах. Хоча є ті, хто цього заслуговує."
"I think we’ve got just enough people to do the wave. But let’s not.","Начало игры (приглашает игроков сыграть)","Я думаю, що тут достатньо людей, щоб зробити хвилю. Але не зараз."
"I can work with this. Let’s get going.","Начало игры (приглашает игроков сыграть)","Я думаю, із цим можна працювати. Рухаємося далі."
"","",""
"That’s it, let’s take a look at the FINAL scores!","Переход к таблице результатов за всю игру (после третьего (последнего) раунда)","Ось і все, погляньмо на ФІНАЛЬНІ результати!"
"It’s over! Let’s see the FINAL scores!","Переход к таблице результатов за всю игру (после третьего (последнего) раунда)","На цьому все! Подивімося на ФІНАЛЬНІ результати!"
"That’s the end! Let’s see the FINAL scoreboard!","Переход к таблице результатов за всю игру (после третьего (последнего) раунда)","Ось і все! Погляньмо на ФІНАЛЬНІ результати!"
"That’s all... now for the FINAL scores!","Переход к таблице результатов за всю игру (после третьего (последнего) раунда)","Це все... час для оголошення ФІНАЛЬНИХ результатів!"
"We\'re done! Let\'s see the FINAL scores!","Переход к таблице результатов за всю игру (после третьего (последнего) раунда)","Ми закінчили! Дивимося ФІНАЛЬНІ результати!"
"Okay! Let\'s see those FINAL scores!","Переход к таблице результатов за всю игру (после третьего (последнего) раунда)","Файно! Погляньмо на ФІНАЛЬНІ бали!"
"All right, that\'s it! Time for the FINAL scores!","Переход к таблице результатов за всю игру (после третьего (последнего) раунда)","Гаразд, на цьому все! Час для ФІНАЛЬНОГО рахунку!"
"And we\'re finished! Show me those FINAL scores!","Переход к таблице результатов за всю игру (после третьего (последнего) раунда)","І ми завершили! Покажіть мені ФІНАЛЬНІ бали!"
"That\'s the game! Let\'s see the FINAL scores!","Переход к таблице результатов за всю игру (после третьего (последнего) раунда)","Кінець гри! Ось і ФІНАЛЬНІ результати!"
"We did it, you guys! Let\'s go to the scores!","Переход к таблице результатов за всю игру (после третьего (последнего) раунда)","Ми впорались! А тепер до результатів!"
"","",""
"Award your medals!","Призывает игроков распределить медали ответам других игроков","Вручіть медалі!"
"Give out your medals now!","Призывает игроков распределить медали ответам других игроков","Зараз роздамо медалі!"
"Hand out those medals now!","Призывает игроков распределить медали ответам других игроков","Зараз видаємо всі медалі!"
"Let\'s give out some medals!","Призывает игроков распределить медали ответам других игроков","А тепер - медалі!"
"Choose who gets a medal now!","Призывает игроков распределить медали ответам других игроков","Оберіть, хто зараз отримає медаль!"
"Present your medals now!","Призывает игроков распределить медали ответам других игроков","Нагородіть медалями!"
"Pick your medal winners now!","Призывает игроков распределить медали ответам других игроков","Обираймо медалістів!"
"Choose the medal-winning quips!","Призывает игроков распределить медали ответам других игроков","Оберіть жарти, що заслуговують на медалі!"
"Decide who gets a medal!","Призывает игроков распределить медали ответам других игроков","Оберіть володарів медалей!"
"Time to give out those medals!","Призывает игроков распределить медали ответам других игроков","Час розподілити ці медалі!"
"","",""
"In this Round, you\'ve got three medals to give to your three favorite \nquips. Gold, Silver, and Bronze. Choose wisely!","Три медали будут раздавать игроки, объяснение принципа работы (Золото - лучший, серебро - средний, бронза - худший из лучших)","В цьому раунді у вас буде три медалі, які ви зможете дати трьом улюбленим \nвідповідям. Золото, Срібло та Бронза. Обирайте мудро!"
"Okay, in Round Three, you get to award three medals: Gold, Silver, and \nBronze. Have at it!","Три медали будут раздавать игроки, объяснение принципа работы (Золото - лучший, серебро - средний, бронза - худший из лучших)","Гаразд, в третьому раунді ви будете вручати три медалі: Золоту, Срібну та \nБронзову. Майте на увазі!"
"You get three medals to award to your top three quips. Give out your Gold, \nSilver, and Bronze medals now!","Три медали будут раздавать игроки, объяснение принципа работы (Золото - лучший, серебро - средний, бронза - худший из лучших)","У вас буде три медалі для нагородження. Роздайте Золоту, \nСрібну та Бронзову медалі прямо зараз!"
"It\'s Round Three, so you\'ve got three medals to award: a Gold, a Silver, \nand a Bronze. Make your picks!","Три медали будут раздавать игроки, объяснение принципа работы (Золото - лучший, серебро - средний, бронза - худший из лучших)","Це третій раунд, в якому у вас є три медалі: Золота, Срібна \nта Бронзова. Обирайте, кого нагородити!"
"In the Final Round, you can give out one Gold, one Silver, and one Bronze \nmedal to your top three quips. Make \'em count!","Три медали будут раздавать игроки, объяснение принципа работы (Золото - лучший, серебро - средний, бронза - худший из лучших)","У фінальному раунді ви зможете вручити Золоту, Срібну та Бронзову \nмедалі за найкращі жарти. Рішення за вами!"
"","",""
"In this Round, you\'ve got two medals to give to your two favorite quips. \nChoose wisely!","Две медали будут раздавать игроки, объяснение принципа работы (Золото - лучший, серебро - второе место)","В цьому раунді ви маєте дві медалі, які дасте двом улюбленим жартам. \nОбирайте з розумом!"
"OK, in Round Three, you get to award both a Gold and a Silver medal to your \ntop two quips. Have at it!","Две медали будут раздавать игроки, объяснение принципа работы (Золото - лучший, серебро - второе место)","У третьому раунді ви вручите Золоту та Срібну медалі двом \nнайкращим жартам. Це так, для довідки!"
"You get two medals to award this time. Get out your Gold and Silver medals \nnow!","Две медали будут раздавать игроки, объяснение принципа работы (Золото - лучший, серебро - второе место)","Ось вам дві медалі для нагороджень. Оберіть володарів Золотої та Срібної \nпрямо зараз!"
"In the Final Round, you can give out one Gold, and one Silver medal to your \ntop two quips. Make \'em count!","Две медали будут раздавать игроки, объяснение принципа работы (Золото - лучший, серебро - второе место)","У фінальному раунді ви можете нагородити \nнайкращі жарти Срібною та Золотою медалями. Час ставати суддями!"
"It\'s Round Three, and you\'ve got two medals to award: a Gold and a Silver. \nMake your picks!","Две медали будут раздавать игроки, объяснение принципа работы (Золото - лучший, серебро - второе место)","Це третій раунд, в якому ви отримаєте дві медалі для нагородження: Золоту та Срібну. \nВибір за вами!"
"","",""
"Okay, it’s time for some Quiplashin\'.","Переход к показу вопросов и ответов раунда","А тепер настав час пожартлистувати."
"Let’s start this show!","Переход к показу вопросов и ответов раунда","Нумо почнемо шоу!"
"Let’s take a look!","Переход к показу вопросов и ответов раунда","Погляньмо, що тут!"
"Let\'s see what we got!","Переход к показу вопросов и ответов раунда","Поглянемо, що ви наробили!"
"Time for the big reveal...","Переход к показу вопросов и ответов раунда","Час великого викриття..."
"Okay, moment of truth...","Переход к показу вопросов и ответов раунда","А тепер момент істини..."
"These better be good...","Переход к показу вопросов и ответов раунда","Я сподіваюсь на краще..."
"Let\'s see how you did!","Переход к показу вопросов и ответов раунда","Погляньмо, що ви там наробили!"
"Time to share!","Переход к показу вопросов и ответов раунда","Розкриваймо карти!"
"Cards on the table!","Переход к показу вопросов и ответов раунда","Карти на стіл!"
"Alright, let\'s have a look!","Переход к показу вопросов и ответов раунда","Так-так, що тут у нас?"
"Let\'s put up those quips!","Переход к показу вопросов и ответов раунда","Погляньмо на ці жарти!"
"Let\'s see what we\'re working with...","Переход к показу вопросов и ответов раунда","Гляньмо, над чим ви працювали..."
"Alright, let\'s get to it!","Переход к показу вопросов и ответов раунда","Гаразд, до справи."
"Cool, let\'s see what\'s what!","Переход к показу вопросов и ответов раунда","Чудово, подивімося, що є що!"
"Okay, remember, this is all your fault!","Переход к показу вопросов и ответов раунда","Добре, пам'ятайте, що це тільки ваша провина!"
"Great, let\'s see what we got here...","Переход к показу вопросов и ответов раунда","Гаразд. Ось те, що у вас вийшло..."
"Okay, I hope you all made me proud...","Переход к показу вопросов и ответов раунда","Сподіваюсь, я зможу вами пишатися..."
"Let\'s take a look!","Переход к показу вопросов и ответов раунда","Погляньмо, що тут!"
"","",""
"Audience members: while players are typing in their answers, try the \nAudience Play-Along.","""Зрители тоже играют"" (призыв зрителей отвечать на вопросы на экране)","Нагадування для глядачів: поки гравці пишуть відповіді, \nви можете відповідати на питання на екрані."
"Folks in the audience can try the Audience Play-Along while we wait for our \nplayers to finish.","""Зрители тоже играют"" (призыв зрителей отвечать на вопросы на экране)","Глядачі також можуть спробувати відповідати на питання, поки ми чекаємо жарти \nгравців."
"While the players enter their quips, audience members can try the Audience \nPlay-Along on their devices.","""Зрители тоже играют"" (призыв зрителей отвечать на вопросы на экране)","Поки гравці закінчують свої жарти, глядачі можуть \nвідповідати на питання на своїх пристроях."
"Attention audience: while you wait for these annoyingly slow players, why \nnot try the Audience Play-Along.","""Зрители тоже играют"" (призыв зрителей отвечать на вопросы на экране)","До уваги глядачів: поки ви чекаєте цих набридливо повільних гравців, чому б вам не відповісти на питання на екрані?"
"Audience members: instead of just waiting around while the players type, \ntry the Audience Play-Along!","""Зрители тоже играют"" (призыв зрителей отвечать на вопросы на экране)","Нагадую глядачам: замість того, щоб чекати жарти гравців, \nвідповідайте на питання на екрані!"
"","",""
"This is Round One.","Представление первого раунда","Це - перший раунд."
"This... is Round One.","Представление первого раунда","Це... Перший раунд."
"Time for Round One.","Представление первого раунда","Час першого раунду."
"Here\'s Round One.","Представление первого раунда","Ось і Перший раунд."
"Round One.","Представление первого раунда","Перший раунд."
"","",""
"Okay, next one!","Показывает следующий вопрос/ответ","Гаразд, наступний!"
"Next up...","Показывает следующий вопрос/ответ","Далі..."
"Next one...","Показывает следующий вопрос/ответ","Наступне..."
"And next...","Показывает следующий вопрос/ответ","І далі..."
"Coming up next...","Показывает следующий вопрос/ответ","Далі йде..."
"Next in line...","Показывает следующий вопрос/ответ","Далі за списком..."
"And next is...","Показывает следующий вопрос/ответ","І наступний..."
"Next on the list...","Показывает следующий вопрос/ответ","Далі за списком..."
"Moving on...","Показывает следующий вопрос/ответ","Рухаємось далі..."
"Next prompt!","Показывает следующий вопрос/ответ","Наступне завдання!"
"Your next prompt is...","Показывает следующий вопрос/ответ","Ваше наступне завдання..."
"Next in the hopper...","Показывает следующий вопрос/ответ","Наступним буде..."
"Up next...","Показывает следующий вопрос/ответ","Далі..."
"Next...","Показывает следующий вопрос/ответ","Далі..."
"Next on deck...","Показывает следующий вопрос/ответ","Це ще не все..."
"","",""
"Okay, let\'s see who got those medals!","Переход к показу выданных медалей","Тож, подивімося, хто отримав медалі!"
"All right, let\'s see where those medals went!","Переход к показу выданных медалей","Добре, гляньмо, куди поділися медалі!"
"Okay, who\'s taking home some medals?","Переход к показу выданных медалей","Так хто ж піде додому з медалями?"
"Nice, let\'s see who snagged the medals!","Переход к показу выданных медалей","Славно, поглянемо, хто вкрав усі медалі!"
"Okay, let\'s bring out those medals!","Переход к показу выданных медалей","А тепер... медалі в студію!"
"All right, let\'s see who earned those medals!","Переход к показу выданных медалей","Гаразд, подивімося, хто заробив медалі!"
"Brace yourselves! Here come those medals!","Переход к показу выданных медалей","Приготуйтесь! Ось ваші медалі!"
"Okay, everyone, let\'s see who got those medals!","Переход к показу выданных медалей","А зараз нумо дивитися, хто отримав медалі!"
"Great, let\'s see where those medals ended up!","Переход к показу выданных медалей","Подивимося, де опинилися всі медалі!"
"The suspense is killing me! Let\'s see who got those medals!","Переход к показу выданных медалей","Ця напруга вбиває мене! Погляньмо, хто став володарем медалей!"
"","",""
"Schmitty here, welcome to Quiplash.","Представление ведущего Schmitty (Шмидти) / предисловие","Шмітті тут, вітаємо в Жартлисті."
"I\'m Schmitty, and this is a little something I like to call Quiplash.","Представление ведущего Schmitty (Шмидти) / предисловие","Я Шмітті, а це те, що називається ""Жартлист""."
"Schmitty\'s my name. Quiplash is my game. And it\'s your game, assuming you \npaid for it.","Представление ведущего Schmitty (Шмидти) / предисловие","Шмітті - моє ім'я. Жартлист - моя гра. І це ваша гра, припускаючи, що ви за неї \nзаплатили."
"Welcome to Quiplash. I\'m Schmitty, but you don\'t have to remember that.","Представление ведущего Schmitty (Шмидти) / предисловие","Ласкаво просимо до Жартлиста. Я Шмітті, але вам не потрібно це пам'ятати."
"Quiplash, this is Schmitty, please hold.","Представление ведущего Schmitty (Шмидти) / предисловие","Жартлист, це Шмітті, запамʼятайте."
"Hey there, I\'m Schmitty. You might remember me as the host of Quiplash. Or \nmaybe you just blocked me out.","Представление ведущего Schmitty (Шмидти) / предисловие","Давно не бачились, я Шмітті. Ви, мабуть, згадаєте мене як ведучого Жартлиста. Або ви могли мене просто заблокувати."
"Welcome to Quiplash. I\'m your host, Schmitty. If you want a different host, \nplay a different game.","Представление ведущего Schmitty (Шмидти) / предисловие","Ласкаво просимо до Жартлиста. Я ваш ведучий Шмітті. Якщо не подобається - \nне грайте."
"I\'m Schmitty and I don\'t know about you, but I feel like a game of Quiplash.","Представление ведущего Schmitty (Шмидти) / предисловие","Я Шмітті, і мені нічого не відомо про вас, але я думаю, що можна починати грати."
"Welcome to the game. I\'m Schmitty, but please don\'t tell my parole officer \nI\'m here.","Представление ведущего Schmitty (Шмидти) / предисловие","Радий бачити вас в цій грі. Я Шмітті, але прошу не говорити моєму\n наглядачу, що я тут."
"It\'s time for Quiplash! With your host: Josh \"Schmitty\""" Schmitstinstein! \nWho\'s me. Oh"," that\'s me. I\'m Schmitty. I knew that.""","Час для Жартлиста. З вашим ведучим: Джошем ""Шмітті"" Шміттіштейном! О, так це ж я!",""
"Schmitty here. My trick knee is acting up again which means there\'s a \nQuiplash a brewin\'.","Представление ведущего Schmitty (Шмидти) / предисловие","Шмітті на місці. Моє коліно знову почало боліти, а це означає, що Жартлист починається."
"Hello, I\'m Schmitty and I hope to meet or exceed your expectations.","Представление ведущего Schmitty (Шмидти) / предисловие","Привіт, я Шмітті, і я сподіваюсь, що зможу виправдати ваші очікування."
"Welcome to Quiplash. I\'m your host, Schmitty, and I\'ve been told that I\'m \nno longer allowed to accept tips.","Представление ведущего Schmitty (Шмидти) / предисловие","Вітаю вас у Жартлисті. Я ваш ведучий, Шмітті, і мені сказали, що я більше не зможу отримувати чайові."
"I\'m Schmitty and I\'m ready for some Quiplash.","Представление ведущего Schmitty (Шмидти) / предисловие","Я Шмітті, і я вже готовий до Жартлиста."
"Welcome to Quiplash! I\'m Schmitty and I have nothing better to do right now.","Представление ведущего Schmitty (Шмидти) / предисловие","Ласкаво просимо до Жартлиста. Я Шмітті, і в мене немає ідей, що робити зараз."
"This is Quiplash. I\'m Schmitty. I hope that\'s okay.","Представление ведущего Schmitty (Шмидти) / предисловие","Це Жартлист. Я Шмітті. Сподіваюсь, що це непогано."
"Schmitty here with your daily dose of Quiplash. Use as directed.","Представление ведущего Schmitty (Шмидти) / предисловие","Шмітті тут для вашої щоденної дози Жартлиста. Скористайтеся з розумом."
"Oh hey, I didn\'t see you there. I\'m Schmitty. Let\'s play Quiplash.","Представление ведущего Schmitty (Шмидти) / предисловие","О, привіт. Я не бачив вас тут. Моє ім'я Шмітті. Пограймо в Жартлист."
"Oh, that song never gets old. Ready for some Quiplash? Me too.","Представление ведущего Schmitty (Шмидти) / предисловие","О, ця пісня ніколи не застаріє. Готові до Жартлиста? Я теж."
"Schmitty here. Either my watch has stopped or it\'s time for some Quiplash.","Представление ведущего Schmitty (Шмидти) / предисловие","Шмітті вже тут. Або мій годинник зупинився, або зараз час для Жартлиста."
"Hey hey, I\'m Schmitty... and I completely forget what I\'m doing here. Oh, \nQuiplash! Right. Quiplash.","Представление ведущего Schmitty (Шмидти) / предисловие","Усім привіт, я Шмітті і... цей во... забув. А. \nЖартлист. Точно, Жартлист."
"Welcome to Schmitty, I\'m Quiplash. Ugh, I\'m sorry. Can we start over? No? \nEh, forget it.","Представление ведущего Schmitty (Шмидти) / предисловие","Вітаю вас в Шмітті, я Жартлист. Ой, вибачте. Можна почати спочатку? Ні? \nА, хай буде."
"Welcome to Quiplash. I\'m Schmitty, your host with the moist. I may have \nmisread that.","Представление ведущего Schmitty (Шмидти) / предисловие","Ласкаво просимо до Жартлиста. Я Шмітті, і я вбив Джона Кеннеді. Ой, щось не те прочитав."
"Hi, I\'m Schmitty, and you know what? I\'m okay with that. Yeah. Let\'s do \nthis.","Представление ведущего Schmitty (Шмидти) / предисловие","День добрий, я Шмітті, і знаєте що? Мені до вподоби моє ім'я. Так. Зіграємо."
"Welcome to Quiplash. I\'m Schmitty. Just throw your jacket anywhere. Mi game \nes su game.","Представление ведущего Schmitty (Шмидти) / предисловие","Ласкаво просимо до Жартлиста. Я Шмітті. Можете кидати свої піджаки будь-де. \nМоя гра - ваша гра."
"My name is Schmitty and I\'m gonna be your best friend. For the next ten \nminutes or so, anyway.","Представление ведущего Schmitty (Шмидти) / предисловие","Моє ім'я Шмітті, і я збираюсь стати вашим найкращим другом. Протягом наступних 10 \nхвилин, в усякому разі."
"Howdy folks, it\'s your ol\' pal Schmitty with another game of Quiplash.","Представление ведущего Schmitty (Шмидти) / предисловие","Давно не бачилися! Я ваш давній друг Шмітті, і вже готовий почати нову гру Жартлист."
"Schmitty here. Please stay seated until the game comes to a complete stop.","Представление ведущего Schmitty (Шмидти) / предисловие","Шмітті тут. Будь ласка, залишайтесь на місці, поки гра не закінчиться."
"Greetings and welcome to Quiplash.","Представление ведущего Schmitty (Шмидти) / предисловие","Вітання, і ласкаво просимо до Жартлиста."
"Welcome. I\'m your host Schmitty. My voice is included with your purchase of \nthis game at no extra charge!","Представление ведущего Schmitty (Шмидти) / предисловие","Ласкаво просимо. Я ваш ведучий Шмітті. Мій голос вже включений до вашої покупки\n без додаткової оплати!"
"Let\'s play Quiplash, shall we?","Представление ведущего Schmitty (Шмидти) / предисловие","Нумо грати в Жартлист, згодні?"
"Welcome to Quiplash. If you experience any dizziness while playing...you \nprobably won\'t do very well.","Представление ведущего Schmitty (Шмидти) / предисловие","Вітаємо у Жартлисті. Якщо у вас не було запаморочення під час гри... ви \nнапевно не гарний гравець."
"I am Schmitty and the time for Quiplash is upon us.","Представление ведущего Schmitty (Шмидти) / предисловие","Я Шмітті, і настав час для Жартлиста."
"Welcome to Quiplash. The voice you hear belongs to me, Josh \"Schmitty\""" \nSchmitstinstein.""","Представление ведущего Schmitty (Шмидти) / предисловие","Вітаю вас у Жартлисті. Голос, який ви чуєте - мій, Джоша ""Шмітті""\nШміттіштейна."
"Welcome to Quiplash. I\'m Schmitty... as if you didn’t recognize me.","Представление ведущего Schmitty (Шмидти) / предисловие","Вітаємо в Жартлисті. Я Шмітті... нібито ви мене не впізнали."
"This is Quiplash, my name is Schmitty, and that’s all the information I’m \nlegally required to provide.","Представление ведущего Schmitty (Шмидти) / предисловие","Це Жартлист, моє ім'я Шмітті, і це вся інформація, яку я \nзобов'язаний вам надати."
"What? Oh sure, sure we can play. Yeah, I wasn\'t busy or anything.","Представление ведущего Schmitty (Шмидти) / предисловие","Що? О, так, так, ми вже можемо грати. Так, я точно не зайнятий."
"Hold on to your whatever because here comes Quiplash.","Представление ведущего Schmitty (Шмидти) / предисловие","Тримайтеся міцніше, бо вже починається Жартлист."
"Welcome to the game.","Представление ведущего Schmitty (Шмидти) / предисловие","Ласкаво просимо до гри."
"Hey there, I\'m Schmitty, and if you\'re lucky I\'ll let you pick one item \nfrom the mystery bucket. But first, Quiplash.","Представление ведущего Schmitty (Шмидти) / предисловие","Агов, я Шмідті, і якщо ви везучі, я дозволю вам обрати одну річ з містичного відра. Але спочатку, Сміхлист."
"Welcome. I\'m your host Schmitty and this is Quiplash.","Представление ведущего Schmitty (Шмидти) / предисловие","Вітаю. Я ваш ведучий, Шмітті, і це Сміхлист."
"Welcome to Quiplash. I\'m Schmitty and I\'m hosting this game on a dare.","Представление ведущего Schmitty (Шмидти) / предисловие","Ласкаво просимо до Сміхлисту. Я Шмітті і проводжу цю гру через суперечку."
"Okay, I\'m Schmitty and we\'re gonna play Quiplash.","Представление ведущего Schmitty (Шмидти) / предисловие","Так, я Шмітті, і ми будемо грати в Сміхлист."
"I\'m Schmitty and according to my guidance counselor, this is the only job \nI\'m qualified for.","Представление ведущего Schmitty (Шмидти) / предисловие","Я Шмітті, і як каже мій психолог - це єдина професія, для якої \nя кваліфікований."
"Hi.","Представление ведущего Schmitty (Шмидти) / предисловие","Привіт."
"Welcome. I\'m your host Schmitty and I\'ve hidden the secret to eternal youth \nsomewhere in this game of Quiplash.","Представление ведущего Schmitty (Шмидти) / предисловие","Ласкаво просимо. Я ваш хост Шмітті, і я сховав таємницю вічної молодості \nдесь у цій грі Жартлист."
"All right, time for Quiplash.","Представление ведущего Schmitty (Шмидти) / предисловие","Добре, настав час для Жартлиста."
"Oh hi! I\'m Schmitty. Let\'s get this party started.","Представление ведущего Schmitty (Шмидти) / предисловие","О, привіт! Я Шмітті. Розпочинаймо вечірку."
"Hey, it\'s me Schmitty. Listen, I slept on my neck funny... again. But don\'t \nworry I’m good to host the game-- OWW! Oww... I\'m okay, I\'m okay.","Представление ведущего Schmitty (Шмидти) / предисловие","Гей, я Шмітті. Слухайте, у мене затекла шия під час сну... знову. Але не \nхвилюйтеся, я непоганий хост гри.. УУУХ! Ооох... Я в порядку, все добре."
"Schmitty here. I\'m thinking of a game that starts with a \"Q\""". That\'s right"," \n\"""Quonopoly!\""" Anyway","Шмітті тут. І я загадав гру, яка починається з ""Ж"". Правильно.","Представление ведущего Schmitty (Шмидти) / предисловие",""
"","",""
"And remember, any extra players can join the audience at any time by \nentering the Room Code. Audience members’ votes count!","Призывает зрителей (не играющих) присоединяться к игре","Пам'ятайте, що нові гравці можуть приєднатися до зали в будь-який час, \nнаписавши код кімнати. Голоси глядачів враховуються!"
"Remember, anybody can join the audience at any point during the game!","Призывает зрителей (не играющих) присоединяться к игре","Візьміть до відома: кожен може приєднатися до глядачів у будь-який час!"
"Remember, anyone who wants to join the audience can do so at any time by \nlogging in with the Room Code.","Призывает зрителей (не играющих) присоединяться к игре","Пам'ятайте, що всі, хто хоче приєднатися до зали, можуть це зробити будь-коли, \nнаписавши код гри."
"Remember, anyone who\'s not quipping can still affect the game by joining \nthe audience.","Призывает зрителей (не играющих) присоединяться к игре","Не забувайте, що будь-хто може вплинути на гру в ролі глядача, якщо він не збирається жартувати."
"Remember, extra players can join the audience and pick their favorite \nquips. Audience votes count!","Призывает зрителей (не играющих) присоединяться к игре","Пам'ятайте, додаткові гравці можуть доєднатися до глядачів й обирати улюблені \nжарти. Голоси глядачів рахуються!"
"And remember, audience members can join the game at any time by entering \nthe Room Code. Audience votes count too, ya know.","Призывает зрителей (не играющих) присоединяться к игре","І пам'ятайте, глядачі можуть приєднатися до гри в будь-який час, \nввівши код кімнати. Їх голоси також враховуються, ну ви знаєте."
"And remember, anyone who wandered in late can use that Room Code to join \nthe audience and affect the game.","Призывает зрителей (не играющих) присоединяться к игре","І пам'ятайте: хто не потрапив у гру вчасно, може вести код кімнати, приєданитя до \nзали та впливати на результати."
"Remember that your entourage and hangers-on can play along by joining the \naudience. Audience votes count!","Призывает зрителей (не играющих) присоединяться к игре","Ваші друзі або перехожі теж можуть грати, якщо під'єднаються до \nзали. Голоси глядачів також мають значення!"
"And remember, anybody watching can affect the game by voting for the best \nquips. Just use the Room Code at any time to join the audience.","Призывает зрителей (не играющих) присоединяться к игре","І запамʼятайте: глядачі можуть вплинути на гру за допомогою голосування за найкращі \nжарти. Тільки напишіть код кімнати та приєднайтеся до зали."
"","",""
"Our first prompt is...","Показывает первое задание","Ваше перше завдання..."
"The first prompt is...","Показывает первое задание","І першим завданням буде..."
"First up...","Показывает первое задание","Спочатку..."
"First one...","Показывает первое задание","Почнемо з..."
"Number one on the list...","Показывает первое задание","Перше завдання зі списку..."
"Up first...","Показывает первое задание","Перше..."
"Prompt number one is...","Показывает первое задание","Завдання номер один..."
"Starting us off...","Показывает первое задание","Почнімо з..."
"First off...","Показывает первое задание","По-перше..."
"Starting things off...","Показывает первое задание","Почнемо з цього..."
"","",""
"You’ll see two prompts on your device. Answer them any way you want! Each \nanswer will go up against someone else’s answer, and everyone will vote on \nwhich they like most. It’s simple!","Правила игры","Ви побачите два завдання на ваших пристроях. Відповідайте, як завгодно! Кожна \nвідповідь буде змагатися з чиєюсь іншою, а всі будуть голосувати за те, \nщо сподобалося більше. Усе просто!"
"You’ll get two prompts on your device. Just answer them however you want! \nYour responses, or “quips,” will be pitted against someone else’s, and \neveryone will vote on their favorite.","Правила игры","Ви отримаєте два завдання на ваші пристрої. Просто відповідайте, як душі завгодно! Потім \nваші відповіді зіставляться проти чиїхось інших відповідей, і \nвсі будуть голосувати за улюблені варіанти."
"Two prompts will appear on your device, which you can answer in any clever \nor not clever way you want. Everyone will choose between your answer and \nsomeone else’s and decide who wins.","Правила игры","На ваших пристроях з'являться два завдання, на які можна відповісти розумно \nабо не дуже, як забажаєте. Кожний обере між вашою та \nчиєюсь відповіддю, і вирішать таким чином, хто переможе."
"You\'re about to see two prompts on your device. Type something hilarious, \nor not, for each one. Then everyone gets to decide if your answer is better \nthan someone else\'s. Democracy at work.","Правила игры","Ви побачите два завдання на вашому пристрої. Напишіть щось веселе \nабо не дуже для кожного. Потім кожному з вас потрібно вирішити, чия відповідь краща \nза інші. Ось вам і демократія."
"I\'m going to beam two prompts to your device. Answer them however you \nchoose. What you type goes up against what someone else types, and everyone \nvotes on the winner.","Правила игры","Я збираюсь надіслати два завдання на ваші пристрої. Що прийде на думку, те й пишіть. Написане вами буде протиставитися проти інших відповідей, і всі \nоберуть переможця."
"","",""
"Come up with the full name for this acronym!","Задание для Acro Lash (Раунд акронимов) (третий раунд)","Запропонуйте розшифрування для цього акроніму!"
"Come up with the phrase this acronym stands for!","Задание для Acro Lash (Раунд акронимов) (третий раунд)","Придумайте фразу, яка б позначала цей акронім!"
"Make up the full name for this acronym!","Задание для Acro Lash (Раунд акронимов) (третий раунд)","Вигадайте розшифрування цього акроніму!"
"Make up a phrase that goes with this acronym!","Задание для Acro Lash (Раунд акронимов) (третий раунд)","Напишіть фразу, яка зашифрована в акроніму!"
"Invent the full phrase that goes with this acronym!","Задание для Acro Lash (Раунд акронимов) (третий раунд)","Вигадайте повну фразу з цього акроніму!"
"","",""
"Okay, I guess no one wants to play anymore. It\'s fine with me. Bye!","Никто ничего не написал (завершение игры) (все AFK)","Так, я гадаю, що тут ніхто не хоче грати. Все нормально. Бувайте!"
"Well, I do love the sound of crickets, but not this much. Bye!","Никто ничего не написал (завершение игры) (все AFK)","Що ж, я дуже люблю звук цвіркунів, але не настільки. До побачення!"
"Well, I haven’t felt this ignored since my wedding night. Guess I’ll go to \nthe bathroom and cry again. Bye.","Никто ничего не написал (завершение игры) (все AFK)","Що ж, я не відчував такого ігнору с часу моєї шлюбної ночі. Я піду в \nванну та буду знову плакати. Бувай."
"Hello? HELLO??!! Okay, goodbye.","Никто ничего не написал (завершение игры) (все AFK)","Агов? АГОВ??!! Ну, прощавайте."
"Hmm, that\'s interesting. Very minimalist. I like it. Hey, here’s some \nminimalism for ya...","Никто ничего не написал (завершение игры) (все AFK)","Хм... як цікаво. Дуже мінімалістично. Я це люблю. Слухай, і для тебе є трохи \nмінімалізму..."
"Well, this has been fascinating what with the silence and all, but uh... \nI\'ve got to wash my hair. Bye.","Никто ничего не написал (завершение игры) (все AFK)","Що ж, це було би цікаво, як би була тиша і все таке, але... \nмені потрібно помити своє волосся. Прощавай."
"I love you. Even though you’ve done this to me, I still love you. And \nsometimes, love means having to say goodbye. Goodbye.","Никто ничего не написал (завершение игры) (все AFK)","Я тебе кохаю. Навіть якщо ви зробили це зі мною, моє сердце вірне тобі. Але \nіноді, кохання - це вміння відпускати. Тож, прощавай."
"Hello? (mic tap). Is this thing on? Must not be on. Well, since no one’s \nlistening, I’ll say it. I’m moving to Denver. I haven’t told anyone \nofficially yet but it feels good to get it off my chest. Denver, here I \ncome!","Никто ничего не написал (завершение игры) (все AFK)","Привіт? (стук по мікрофону). Ця штука ввімкнена? Та начебто не повинна. Ну, якщо ніхто не \nчує, то ось, що скажу. Я переїжджаю до Ужгорода. Я нікому не казав про це \nофіційно, але буде краще, якщо камінь з плечей спаде. Ужгород, я \nйду!"
"Okay, I can take a hint. I know when I\'m not wanted. I\'m leaving. You won\'t \nhave Josh \"Schmitty\""" Schmitsinstein to kick around anymore! Don\'t expect to \nhear from me again.... Until the next time you want to play Quiplash! Bye!""","Никто ничего не написал (завершение игры) (все AFK)","Добре, я можу робити натяки. Я знаю, коли стаю небажаним. Я покидаю вас. У вас більше не \nбуде Джоша \"Шмітті\"""Шміттіштейна! Не очікуйте \nпочути мене знову... До наступного разу, коли захочете пограти у Сміхлист! До побачення!"""
"Alright look, if I wanted a game with no players I\'d go back to hosting my \nchurch Bingo night. Come back when you\'re ready to take this irreverent \nparty game SERIOUSLY.","Никто ничего не написал (завершение игры) (все AFK)","Дивіться, якби мені хотілося пограти без гравців, я би повернувся проводити лото для літніх людей. Повертайтесь, коли будете готові сприймати цю нешанобливу \nвечірку СЕРЙОЗНО."
"","",""
"In this Round, you award a shiny Gold medal to your favorite quip. Choose \nwisely!","Раздача медалей для последнего раунда (Золотая - лучший ответ)","В цьому раунді вам потрібно нагородити Золотою медаллю свій вподобаний жарт. \n Обирайте з розумом!"
"Okay, in Round Three, you get to award a Gold medal to your top quip. Have \nat it!","Раздача медалей для последнего раунда (Золотая - лучший ответ)","У третьому раунді у вас буде золота медаль, щоб нагородити найкращий жарт. \nПочинаємо!"
"Each of you has a Gold medal to award to your favorite quip. Make your \npicks now!","Раздача медалей для последнего раунда (Золотая - лучший ответ)","Кожний має золоту медаль, щоб нагородити свій улюблений жарт. \nОбирайте прямо зараз!"
"In the Final Round, you get to give out a Gold medal to your top quip. Make \nit count!","Раздача медалей для последнего раунда (Золотая - лучший ответ)","У фінальному раунді ви віддасте золоту медаль найкращому жарту. \nЗробіть це!"
"It\'s Round Three, and you\'ve got a shiny Gold medal to award. Make your \npick!","Раздача медалей для последнего раунда (Золотая - лучший ответ)","Третій раунд, де ви отримуєте золоту медаль для нагородження. \nВибір за вами!"
